city,year,Civilian employed population 16 years and ove,"Agriculture, forestry, fishing and hunting, and mining",Construction,Manufacturing,Wholesale trade,Retail trade,"Transportation and warehousing, and utilities",Information,"Finance and insurance, and real estate and rental and leasing","Professional, scientific, and management, and administrative and waste management services","Educational services, and health care and social assistance","Arts, entertainment, and recreation, and accommodation and food services","Other services, except public administration",Public administration,,,,,,,,,
"Portland, OR",2005,263362,1532,14616,27405,9473,28702,11812,7174,21026,35224,56213,28163,11909,10113,,,,,,,,,
"Portland, OR",2006,284436,1933,16347,29369,10745,29881,12213,7164,20455,40195,58992,32332,14935,9875,,,,,,,,,
"Portland, OR",2007,288530,2957,17367,28382,9810,31787,15764,8886,17740,38721,60284,30480,15474,10878,,,,,,,,,
"Portland, OR",2008,297337,1311,15191,30398,9711,30908,15430,8560,20131,42049,68271,30465,13879,11033,,,,,,,,,
"Portland, OR",2009,295301,2108,11715,29315,10820,30531,13414,9916,18075,40951,72209,29359,16407,10481,,,,,,,,,
"Portland, OR",2010,291804,2118,11981,27923,8551,30773,11981,9099,17618,38564,74020,33122,15078,10976,,,,,,,,,
"Portland, OR",2011,307043,1300,11236,29439,10341,34919,13588,6550,18787,39601,75926,39376,16557,9423,,,,,,,,,
"Portland, OR",2012,313933,1309,12711,28117,10724,32761,11131,7456,19075,43142,83175,34985,18325,11022,,,,,,,,,
"Portland, OR",2013,319767,3112,14045,29570,9919,34391,11915,7837,18583,47225,80503,36044,17710,8913,,,,,,,,,
"Portland, OR",2014,333386,2387,12954,31847,10237,35239,12428,8095,21164,47853,78864,42182,19305,10831,,,,,,,,,
"Portland, OR",2015,342938,3026,13749,29176,9122,34159,14099,8723,20828,51157,91661,39835,16889,10514,,,,,,,,,
"Portland, OR",2016,352809,1906,13206,32062,11104,38053,16788,9323,21261,54579,86060,39290,16142,13035,,,,,,,,,
"Washington, DC",2005,255385,166,9338,4172,1481,11550,8351,12914,18176,55558,49450,22770,21279,40180,,,,,,,,,
"Washington, DC",2006,288360,917,8680,3440,1738,13193,8331,13972,19819,68928,56652,26308,20912,45470,,,,,,,,,
"Washington, DC",2007,292422,174,8808,3678,2275,16673,10206,14542,18784,62792,56783,25697,26096,45914,,,,,,,,,
"Washington, DC",2008,306366,866,10606,4439,1840,16223,9990,11965,19775,63936,61271,30005,26243,49207,,,,,,,,,
"Washington, DC",2009,293927,227,7287,4582,2448,14797,7585,12542,18668,64545,57347,27332,25028,51539,,,,,,,,,
"Washington, DC",2010,299127,174,8866,3113,2717,15923,11159,11748,15640,66452,55973,26169,26834,54359,,,,,,,,,
"Washington, DC",2011,310607,108,10818,3689,1736,14239,11208,12933,18262,64799,62135,26050,28427,56203,,,,,,,,,
"Washington, DC",2012,326957,208,10668,4116,1641,15412,10682,14367,16628,70682,66389,32087,30264,53813,,,,,,,,,
"Washington, DC",2013,333111,277,8293,4492,1848,18078,7924,10770,16480,79915,67816,30479,29866,56873,,,,,,,,,
"Washington, DC",2014,345592,210,9624,3775,1607,17048,10365,13566,23225,80921,66325,35971,29973,52982,,,,,,,,,
"Washington, DC",2015,361179,195,9342,5025,1932,18086,9754,14995,22532,83089,70276,35208,31896,58849,,,,,,,,,
"Washington, DC",2016,364797,528,9659,4429,2026,16955,13119,12562,24139,83348,67446,37492,34800,58294,,,,,,,,,
"Minneapolis, MN",2005,194586,754,7700,17679,5031,18639,8100,5148,17392,30009,44134,24081,10930,4989,,,,,,,,,
"Minneapolis, MN",2006,198755,440,6947,18255,5239,19608,7338,6867,18541,29000,48651,23593,9582,4694,,,,,,,,,
"Minneapolis, MN",2007,195660,216,7278,18898,4176,19887,8148,6557,17662,28554,45375,24106,9146,5657,,,,,,,,,
"Minneapolis, MN",2008,197024,785,5868,16698,5269,24881,8492,5786,16072,28493,46913,22241,11205,4321,,,,,,,,,
"Minneapolis, MN",2009,211942,636,6836,18926,5031,24163,6427,6393,15682,32835,55372,25446,9625,4570,,,,,,,,,
"Minneapolis, MN",2010,203772,1131,6649,14582,4316,25573,6015,5202,14964,29537,56266,24456,8894,6187,,,,,,,,,
"Minneapolis, MN",2011,202995,591,4633,15742,4751,21494,6015,4367,17443,33189,55097,25294,8493,5886,,,,,,,,,
"Minneapolis, MN",2012,216927,1905,5797,18011,4259,22031,6297,5165,17693,32656,57596,29101,10703,5713,,,,,,,,,
"Minneapolis, MN",2013,220915,1038,5815,19321,4354,23861,7634,5580,17426,34756,59844,27243,9215,4828,,,,,,,,,
"Minneapolis, MN",2014,229462,1081,6322,21257,4787,24085,8925,6190,17789,32560,61407,30124,9298,5637,,,,,,,,,
"Minneapolis, MN",2015,238224,782,8878,18941,5618,24693,8417,5781,17487,35654,62853,31547,11361,6212,,,,,,,,,
"Minneapolis, MN",2016,236140,1150,8145,20481,4927,24013,9132,5552,19511,34598,61063,31265,10867,5436,,,,,,,,,
"Seattle, WA",2005,309941,597,13102,25497,11123,29866,12551,15193,22022,50469,71698,31692,15155,10976,,,,,,,,,
"Seattle, WA",2006,327270,1278,17515,29277,8934,28106,12527,16944,25531,55498,72438,29366,19524,10332,,,,,,,,,
"Seattle, WA",2007,332632,986,15779,21823,8673,34365,13002,15180,24859,56333,77613,38771,13416,11832,,,,,,,,,
"Seattle, WA",2008,346567,1211,17150,24229,8702,32096,13296,13231,23422,64084,79380,38193,18994,12579,,,,,,,,,
"Seattle, WA",2009,360852,1671,14468,29198,9698,34331,12562,14395,23296,64250,84563,40775,19052,12593,,,,,,,,,
"Seattle, WA",2010,344373,1434,11732,23784,8080,37252,11146,9889,21374,69791,84081,35020,17024,13766,,,,,,,,,
"Seattle, WA",2011,354009,1803,10081,26159,7109,42354,11098,14224,20674,66381,84736,40592,18095,10703,,,,,,,,,
"Seattle, WA",2012,371305,2085,10426,24745,5249,36383,9869,13011,22705,76999,90877,46898,19194,12864,,,,,,,,,
"Seattle, WA",2013,382794,1005,12409,27248,9316,44783,11822,16350,22310,76056,88035,40645,19922,12893,,,,,,,,,
"Seattle, WA",2014,390943,2117,11422,28337,7158,47514,14655,15890,20538,81877,87413,41633,19157,13232,,,,,,,,,
"Seattle, WA",2015,415016,1367,13960,25659,8984,49858,13169,15587,26631,84125,96607,47565,19008,12496,,,,,,,,,
"Seattle, WA",2016,425827,3015,12887,29896,9916,50550,15128,18031,26329,87752,94157,48282,18679,11205,,,,,,,,,
"Atlanta, GA",2005,194045,1358,10899,10839,5384,21750,10668,6666,18053,33476,37235,19691,7985,10041,,,,,,,,,
"Atlanta, GA",2006,209905,466,12949,11749,6379,18892,12801,9584,18528,37101,35677,26354,9438,9987,,,,,,,,,
"Atlanta, GA",2007,212713,278,10120,8865,5605,23999,11429,8216,20107,40426,38486,25492,10999,8691,,,,,,,,,
"Atlanta, GA",2008,219565,208,13660,13390,6967,17360,12355,8962,17651,39991,43385,26688,10199,8749,,,,,,,,,
"Atlanta, GA",2009,257552,157,10003,14177,10509,27302,11672,9552,23122,47192,53027,29427,12603,8809,,,,,,,,,
"Atlanta, GA",2010,192234,664,7755,11038,5093,20174,11482,9981,13693,35458,37327,21629,8929,9011,,,,,,,,,
"Atlanta, GA",2011,203943,272,6703,8311,6879,19450,13454,8348,15307,38832,43935,24554,10249,7649,,,,,,,,,
"Atlanta, GA",2012,208734,509,5645,11105,4049,19395,11287,7440,15894,45505,47875,24157,7276,8597,,,,,,,,,
"Atlanta, GA",2013,209697,579,6345,10554,5745,23076,9160,7967,18606,41711,42986,24094,9949,8925,,,,,,,,,
"Atlanta, GA",2014,217487,246,3933,10675,5832,20839,10176,9131,20303,42291,50248,22916,12291,8606,,,,,,,,,
"Atlanta, GA",2015,234514,160,7893,12244,6611,21792,13677,9255,17906,45595,51642,28035,9721,9983,,,,,,,,,
"Atlanta, GA",2016,238663,264,7296,13301,6492,22859,12369,9406,20265,45677,48666,30173,12373,9522,,,,,,,,,
"Virginia Beach, VA",2005,205742,565,12766,13164,5698,26664,8844,6639,16812,23349,40086,20080,10062,21013,,,,,,,,,
"Virginia Beach, VA",2006,213221,1121,17550,12602,4635,22988,8836,7181,18151,25269,45353,18581,8655,22299,,,,,,,,,
"Virginia Beach, VA",2007,209817,781,15106,13611,4093,25527,9570,6609,15661,24332,47158,18832,9217,19320,,,,,,,,,
"Virginia Beach, VA",2008,206902,491,16656,12158,4552,30981,9644,6014,16943,24912,40687,16895,9992,16977,,,,,,,,,
"Virginia Beach, VA",2009,207313,744,15819,12673,5754,27730,9171,5280,15056,25497,42537,21908,10468,14676,,,,,,,,,
"Virginia Beach, VA",2010,213470,467,14883,13232,5265,25255,7393,4674,15716,27886,44330,23527,9312,"21,53",,,,,,,,,
"Virginia Beach, VA",2011,213433,429,12039,13932,4784,25176,8677,5342,15279,25460,43727,25549,10628,22411,,,,,,,,,
"Virginia Beach, VA",2012,212316,952,14907,14117,4031,24235,7000,3543,17226,25374,46193,21744,12129,20865,,,,,,,,,
"Virginia Beach, VA",2013,218881,589,12715,13772,3373,24876,7870,5183,16962,26952,49730,25463,11165,20231,,,,,,,,,
"Virginia Beach, VA",2014,217407,1002,13377,15208,4909,28651,8044,4575,17567,24319,44422,22220,9074,24039,,,,,,,,,
"Virginia Beach, VA",2015,217289,937,15578,12741,5850,24915,7272,4880,15282,25275,48861,25125,10027,20546,,,,,,,,,
"Virginia Beach, VA",2016,224753,882,14845,12934,4122,28272,10403,3416,17038,27792,49109,26308,9456,20176,,,,,,,,,
"Denver, CO",2005,277426,1170,24594,13398,7819,25744,11744,12742,26575,47501,48277,29931,17272,10659,,,,,,,,,
"Denver, CO",2006,279380,1150,26751,17513,7784,27980,13958,13404,25404,42016,49484,29195,13467,11274,,,,,,,,,
"Denver, CO",2007,297451,2075,29527,17073,7504,26769,16017,12722,26139,47356,54173,31618,15383,11095,,,,,,,,,
"Denver, CO",2008,312052,2403,24623,18304,9808,30663,15363,13936,23281,54269,55648,36437,15117,12200,,,,,,,,,
"Denver, CO",2009,312719,3915,20996,14364,10349,31242,12604,13603,25163,51895,60282,38353,18056,11897,,,,,,,,,
"Denver, CO",2010,301802,2992,20879,18646,8827,27807,10990,11353,23986,51414,60833,36967,15328,11780,,,,,,,,,
"Denver, CO",2011,319442,3091,21289,16514,10445,29422,14677,10127,24660,55337,65832,38039,15956,14053,,,,,,,,,
"Denver, CO",2012,334303,3755,22376,17555,8784,29224,14677,11178,28865,58928,67593,41065,16341,13962,,,,,,,,,
"Denver, CO",2013,347626,5723,22531,17445,9291,35488,15270,12074,28785,61469,70547,40597,17100,11306,,,,,,,,,
"Denver, CO",2014,360419,5201,27997,19678,9373,30257,14431,12186,29932,60322,74447,44398,18100,14097,,,,,,,,,
"Denver, CO",2015,372635,5105,31056,20671,10599,35040,16013,13035,29016,64863,71900,42319,18638,14380,,,,,,,,,
"Denver, CO",2016,384689,3175,29197,17903,8999,34439,16125,12973,33449,67437,81994,45263,20378,13357,,,,,,,,,
"Austin, TX",2005,362612,414,35036,33345,7120,36821,11061,11392,25306,53312,69903,36351,17575,24976,,,,,,,,,
"Austin, TX",2006,388931,1349,41353,32147,8256,42335,8312,12252,28963,55489,71553,41163,20211,25548,,,,,,,,,
"Austin, TX",2007,416332,927,43472,32887,10643,40434,12677,12755,25540,63361,78716,49303,19681,25936,,,,,,,,,
"Austin, TX",2008,430088,1763,42854,37145,9263,40900,11414,12000,31325,67817,81262,47023,20407,26915,,,,,,,,,
"Austin, TX",2009,437681,2042,40861,31004,9722,46805,12239,12391,29096,64539,90408,48129,23808,26637,,,,,,,,,
"Austin, TX",2010,419211,2205,32260,34658,7961,43248,10384,9650,28456,65024,87079,50510,21346,26430,,,,,,,,,
"Austin, TX",2011,444984,2105,29039,30706,7940,45648,11272,11745,30857,67328,98614,53727,27062,28941,,,,,,,,,
"Austin, TX",2012,458474,2326,32479,34100,8953,50011,11403,13680,30957,74653,92904,55938,21578,29492,,,,,,,,,
"Austin, TX",2013,492732,3288,35756,34409,8539,51960,14879,15588,35006,82194,96477,56915,29808,27913,,,,,,,,,
"Austin, TX",2014,502854,3318,33731,35173,9314,53832,15682,15138,36746,86425,105611,55983,24772,27129,,,,,,,,,
"Austin, TX",2015,530174,3532,39977,35522,10573,51032,15291,17161,40071,95900,103494,61285,27570,28766,,,,,,,,,
"Austin, TX",2016,548311,2683,42818,40325,12565,60380,16521,18153,38057,98753,106209,57158,27626,27063,,,,,,,,,
"Sacramento, CA",2005,196019,1170,15915,10545,6956,19326,9921,5300,15301,22914,35954,17486,10738,24493,,,,,,,,,
"Sacramento, CA",2006,196564,833,15938,11715,6587,19460,9355,6405,15426,23091,36196,19412,9175,22971,,,,,,,,,
"Sacramento, CA",2007,209143,1126,14729,9219,5601,22242,9992,6605,16007,27504,42636,19421,11052,23009,,,,,,,,,
"Sacramento, CA",2008,215184,814,14827,13416,4616,19724,13086,6335,14361,25947,46627,20492,10454,24485,,,,,,,,,
"Sacramento, CA",2009,201407,1203,10548,9828,5299,19225,8768,6182,14317,24007,44333,20237,10158,27302,,,,,,,,,
"Sacramento, CA",2010,194812,1242,9321,9766,5937,22648,8933,3885,11795,24356,41228,20334,9830,25537,,,,,,,,,
"Sacramento, CA",2011,197689,1596,10628,9514,6683,20270,8461,5533,10433,26531,45225,16668,11565,24582,,,,,,,,,
"Sacramento, CA",2012,203250,1357,9997,10507,3796,22631,10986,4479,12799,23751,49748,21118,8318,23763,,,,,,,,,
"Sacramento, CA",2013,205124,1334,12534,10638,4382,22342,9334,6105,15703,25868,42195,19155,9793,25741,,,,,,,,,
"Sacramento, CA",2014,212022,1398,12928,10242,6078,21023,10872,4229,12102,25853,47765,24068,10913,24551,,,,,,,,,
"Sacramento, CA",2015,217467,1602,14314,10404,5767,24029,9911,3287,14799,26561,51373,21870,9609,23941,,,,,,,,,
"Sacramento, CA",2016,228316,1550,12069,12762,5226,21549,13693,4986,15477,26567,52545,21498,12500,27894,,,,,,,,,
"New York, NY",2005,3541764,1672,192125,175022,95747,332225,224062,154531,391052,438864,874415,310244,196280,155525,,,,,,,,,
"New York, NY",2006,3712931,1905,202154,170716,109057,351025,235693,159277,394193,446092,925494,350974,212133,154218,,,,,,,,,
"New York, NY",2007,3806532,2771,209593,176587,107241,354912,249080,154003,408385,464124,940729,369369,212528,157210,,,,,,,,,
"New York, NY",2008,3925954,3194,212995,173856,110716,378816,254007,158825,411020,487472,990254,364009,217304,163486,,,,,,,,,
"New York, NY",2009,3830563,4613,197612,155607,92840,360789,228852,148038,390142,475578,1013363,378624,221426,163079,,,,,,,,,
"New York, NY",2010,3698788,4483,186060,151137,89147,364135,220526,136761,371613,460033,968149,374678,218637,153429,,,,,,,,,
"New York, NY",2011,3734282,5320,179814,149801,83902,379431,220787,136304,374174,465088,975994,403109,216164,144394,,,,,,,,,
"New York, NY",2012,3836042,4854,185233,152286,85771,396229,222039,141713,371373,489891,1015065,407987,211751,151850,,,,,,,,,
"New York, NY",2013,3900766,4452,192367,149329,90699,383180,222358,151181,387589,517614,1026203,422662,214725,138407,,,,,,,,,
"New York, NY",2014,3993283,3662,203459,137908,88591,395692,239629,156202,379034,526797,1052775,446958,218497,144079,,,,,,,,,
"New York, NY",2015,4092341,5114,206333,139344,91898,385657,258942,154113,380641,547981,1086819,462323,224440,148736,,,,,,,,,
"New York, NY",2016,4114375,4351,205886,137851,83812,396433,259294,155320,394550,552018,1080633,460862,226980,156385,,,,,,,,,
"Oakland, CA",2005,170161,43,12348,12198,6018,16721,7242,4065,10851,26197,41817,14985,10831,6845,,,,,,,,,
"Oakland, CA",2006,170901,367,14954,11675,3448,18166,9286,4745,11726,25886,38882,16057,10333,5376,,,,,,,,,
"Oakland, CA",2007,168015,121,13506,11904,4611,15331,10223,6084,10380,27394,37951,14408,9053,7049,,,,,,,,,
"Oakland, CA",2008,176810,0,13744,11505,4607,17260,8997,6073,9512,26534,42077,16766,11367,8368,,,,,,,,,
"Oakland, CA",2009,198393,379,14038,11736,3863,19306,8555,6165,11792,31762,47462,20886,12753,9696,,,,,,,,,
"Oakland, CA",2010,178625,276,10609,12879,5101,15347,8667,4951,10982,27442,44177,18960,11108,8126,,,,,,,,,
"Oakland, CA",2011,183607,859,9577,11148,3105,18936,9431,6777,10307,25918,48998,19606,12014,6931,,,,,,,,,
"Oakland, CA",2012,188265,779,9867,13800,4593,19171,8796,6101,10517,29526,45645,20458,12822,6190,,,,,,,,,
"Oakland, CA",2013,195940,1003,12145,10761,4653,19059,11193,5124,11598,33175,44165,23807,11586,7671,,,,,,,,,
"Oakland, CA",2014,205834,1248,11487,13837,3614,18588,8983,6818,10728,32262,51167,25528,13969,7605,,,,,,,,,
"Oakland, CA",2015,217581,1571,13355,14612,4923,16311,10660,7582,11712,38559,49099,25824,14804,8569,,,,,,,,,
"Oakland, CA",2016,222986,892,12659,14405,4817,19517,11153,9154,13502,41970,48156,24773,14512,7476,,,,,,,,,
"Philadelphia, PA",2005,555888,1689,23775,45804,13766,50255,33824,11726,40532,58451,158398,43517,28794,45357,,,,,,,,,
"Philadelphia, PA",2006,568504,954,27639,40999,15188,60405,37550,12427,40511,61616,153630,50294,23698,43593,,,,,,,,,
"Philadelphia, PA",2007,593269,509,27305,44487,15105,52022,35555,14562,39776,66093,171589,54460,29412,42394,,,,,,,,,
"Philadelphia, PA",2008,594226,1543,27651,46190,14309,57004,35542,15305,40103,68929,167911,53174,27203,39362,,,,,,,,,
"Philadelphia, PA",2009,633820,1148,30685,46088,16932,64385,36536,14368,41298,69260,186422,54761,30855,41082,,,,,,,,,
"Philadelphia, PA",2010,597521,1065,21677,42841,11982,60638,30368,11409,36268,70778,182275,58846,30753,38621,,,,,,,,,
"Philadelphia, PA",2011,596025,1374,24270,39009,11916,61077,29106,11763,35743,72078,184267,58042,30054,37326,,,,,,,,,
"Philadelphia, PA",2012,614215,1153,20843,39958,12010,67593,31238,13776,38542,70220,184998,67660,29139,37085,,,,,,,,,
"Philadelphia, PA",2013,640062,1351,26670,43607,11516,69852,34408,11876,41574,68302,201854,61377,29358,38317,,,,,,,,,
"Philadelphia, PA",2014,652146,1701,30787,42637,14305,70470,32103,11362,41448,75582,194908,64660,31082,41101,,,,,,,,,
"Philadelphia, PA",2015,676371,1878,25245,46786,14808,72694,42307,12580,36240,79697,199907,67966,33787,42476,,,,,,,,,
"Philadelphia, PA",2016,678752,2789,31881,44313,14166,62654,39816,14141,46745,73811,213008,63165,34638,37625,,,,,,,,,
"Albuquerque, NM",2005,242145,1158,18745,15275,7552,29688,7401,6269,16453,35947,53125,23844,11477,15211,,,,,,,,,
"Albuquerque, NM",2006,250356,1062,22331,14906,7050,29545,9539,7020,15255,33872,56657,25929,12278,14912,,,,,,,,,
"Albuquerque, NM",2007,249608,1697,20694,14730,7836,27531,10284,5871,14850,34024,56760,29065,10787,15479,,,,,,,,,
"Albuquerque, NM",2008,255003,3049,22528,16851,6426,27959,9907,5531,14873,33580,62335,25358,11090,15516,,,,,,,,,
"Albuquerque, NM",2009,256220,1649,17737,15436,6600,27077,10973,6963,17661,33154,59874,30077,15266,13753,,,,,,,,,
"Albuquerque, NM",2010,260156,2102,16314,11702,6291,32204,9634,6035,12418,35736,65449,30204,10686,21381,,,,,,,,,
"Albuquerque, NM",2011,254149,2727,14094,14556,5674,30060,7390,5715,13568,37037,65490,29429,11108,17301,,,,,,,,,
"Albuquerque, NM",2012,256971,2895,16099,13802,6101,26967,7850,4345,14172,36447,69642,28341,12224,18086,,,,,,,,,
"Albuquerque, NM",2013,263765,1895,15016,15394,6463,28663,9447,5873,13379,36429,68091,30955,16208,15952,,,,,,,,,
"Albuquerque, NM",2014,259894,2042,14388,12692,6717,31523,8590,5208,14370,37500,68356,30279,13382,14847,,,,,,,,,
"Albuquerque, NM",2015,260728,1837,15221,9506,6303,33064,7693,5676,12221,40048,66434,32377,13854,16494,,,,,,,,,
"Albuquerque, NM",2016,268505,2219,13193,11868,4051,31320,6607,5924,15457,42694,73807,31206,12663,17496,,,,,,,,,
"San Diego, CA",2005,580137,1202,31153,55829,14049,55324,19284,16435,52896,91483,117131,64037,27528,33786,,,,,,,,,
"San Diego, CA",2006,608062,1465,40770,51582,17822,61953,22026,18039,47058,95447,117018,69316,30063,35503,,,,,,,,,
"San Diego, CA",2007,609519,1229,33271,54315,17350,58047,21464,20900,47437,101987,120042,69391,30026,34060,,,,,,,,,
"San Diego, CA",2008,605383,1172,31763,55507,13783,62346,22993,18457,52893,94301,128300,66795,30517,26556,,,,,,,,,
"San Diego, CA",2009,611430,1835,30853,58793,12787,61405,23031,17605,42102,106540,128346,69540,31332,27261,,,,,,,,,
"San Diego, CA",2010,606027,2175,24350,56380,14050,60580,19793,14172,43137,98614,133426,73867,30641,34842,,,,,,,,,
"San Diego, CA",2011,624028,2103,23358,56297,13005,67654,23031,13949,43738,95670,141825,71258,34766,37374,,,,,,,,,
"San Diego, CA",2012,643049,2668,27613,59710,11727,66159,21756,17750,44928,103110,143763,75847,33284,34734,,,,,,,,,
"San Diego, CA",2013,640786,2117,28336,57246,15038,65164,20020,17401,40858,105077,136186,85829,31955,35559,,,,,,,,,
"San Diego, CA",2014,680826,2561,27356,63008,15351,63746,21856,19787,44420,107700,159834,90990,31253,32964,,,,,,,,,
"San Diego, CA",2015,690453,3145,26218,60522,17460,62843,24289,18321,43562,115581,155353,90171,38654,34334,,,,,,,,,
"San Diego, CA",2016,701689,3945,30763,62337,13958,68021,29930,17822,46821,124958,145663,82666,40510,34295,,,,,,,,,
"Baltimore, MD",2005,263052,171,14609,16701,6347,25536,14140,5554,17535,26887,72741,22825,15458,24548,,,,,,,,,
"Baltimore, MD",2006,266474,679,14664,13981,6743,25390,16916,5229,17777,28511,77124,24038,12966,22456,,,,,,,,,
"Baltimore, MD",2007,271098,205,16554,14651,5701,24865,16690,6790,18036,27955,80637,21761,11822,25431,,,,,,,,,
"Baltimore, MD",2008,288132,537,14526,15573,4398,28490,14653,5100,19990,29757,86070,28746,13036,27256,,,,,,,,,
"Baltimore, MD",2009,273646,87,14927,14216,5392,22422,14872,5718,16389,36394,82114,22475,14015,24625,,,,,,,,,
"Baltimore, MD",2010,263839,270,14152,16569,4652,21288,14767,5919,15678,29178,79297,23843,12515,25711,,,,,,,,,
"Baltimore, MD",2011,263598,507,14093,13142,3624,24193,13413,5525,14298,28085,80698,24262,14132,27626,,,,,,,,,
"Baltimore, MD",2012,264193,249,12965,11689,5522,28261,12901,3865,14603,33469,83050,23295,12757,21567,,,,,,,,,
"Baltimore, MD",2013,275356,392,13365,12922,5126,24421,14769,5972,16002,34348,87244,23917,12835,24043,,,,,,,,,
"Baltimore, MD",2014,270867,694,13488,11409,5760,25511,12590,5337,14269,31695,87466,25848,12874,23926,,,,,,,,,
"Baltimore, MD",2015,270992,272,12054,13348,5437,27063,15689,5379,14733,35576,82689,23374,13964,21414,,,,,,,,,
"Baltimore, MD",2016,283328,460,10729,12545,4430,24123,16780,5264,16631,37055,92104,26003,12635,24569,,,,,,,,,
"Long Beach, CA",2005,214372,785,11261,28060,9285,21925,15046,5588,13589,24350,40245,24155,11488,8595,,,,,,,,,
"Long Beach, CA",2006,212495,1244,14479,23294,8344,23491,13591,6438,14031,22965,43128,21540,13815,6135,,,,,,,,,
"Long Beach, CA",2007,212394,384,12667,30327,6552,19805,13470,4404,12606,23344,46277,23307,11118,8133,,,,,,,,,
"Long Beach, CA",2008,220246,1011,10704,28629,8462,25018,16486,3966,10361,23134,45407,25817,12540,8711,,,,,,,,,
"Long Beach, CA",2009,215031,1027,12736,21277,7591,23283,14391,6023,12073,27179,48422,20898,12097,8034,,,,,,,,,
"Long Beach, CA",2010,215342,965,9200,22221,8494,25278,12941,5020,12779,26092,48420,23725,12061,8146,,,,,,,,,
"Long Beach, CA",2011,204381,677,9893,19780,7072,24123,13691,5667,11757,21847,48517,21601,11012,8744,,,,,,,,,
"Long Beach, CA",2012,213306,1221,11708,19681,7087,21800,13850,4196,13802,25477,52305,23049,11825,7305,,,,,,,,,
"Long Beach, CA",2013,216769,1048,13277,25159,7434,21881,14191,5218,15133,27778,42979,24041,11029,7601,,,,,,,,,
"Long Beach, CA",2014,220640,783,12119,22342,7028,21892,16059,6545,14948,24054,48513,26679,12070,7608,,,,,,,,,
"Long Beach, CA",2015,224684,1761,11919,22995,8398,21267,16635,4388,13467,28472,49807,26327,10908,8340,,,,,,,,,
"Long Beach, CA",2016,231816,1192,10963,22546,6624,22322,19309,5505,13131,28640,52001,27256,14718,7609,,,,,,,,,
"Fort Worth, TX",2005,281473,1531,28386,37626,10640,35843,17924,8870,20510,25452,48035,22754,13605,10297,,,,,,,,,
"Fort Worth, TX",2006,301772,1891,26056,42131,12619,32646,22572,7258,24690,30730,51159,24324,16532,9164,,,,,,,,,
"Fort Worth, TX",2007,304711,2911,29011,39790,11855,33200,23138,7830,21481,30525,55054,25131,15543,9242,,,,,,,,,
"Fort Worth, TX",2008,316417,3147,34960,40552,11956,34835,23301,8661,26374,29018,55189,24192,15656,8576,,,,,,,,,
"Fort Worth, TX",2009,336323,4024,25515,44034,11410,39350,23887,6995,26518,31805,65667,29367,15948,11803,,,,,,,,,
"Fort Worth, TX",2010,333444,4367,29320,38768,8038,33949,24778,9366,29940,35337,61758,26808,17439,13576,,,,,,,,,
"Fort Worth, TX",2011,333120,4814,24118,39113,8498,36978,22783,4958,23238,34542,74548,29523,17524,12483,,,,,,,,,
"Fort Worth, TX",2012,353954,5488,26358,41364,9007,40609,25618,6910,24731,36954,70229,36697,18514,11475,,,,,,,,,
"Fort Worth, TX",2013,365572,5573,28116,43601,9478,41352,22930,4946,30009,36818,75600,31868,20195,15086,,,,,,,,,
"Fort Worth, TX",2014,374554,5589,26259,42237,13130,43529,29067,6454,25861,40911,73837,34941,20627,12112,,,,,,,,,
"Fort Worth, TX",2015,394364,8548,30395,43836,12583,42112,31290,8533,23315,41431,82179,37978,17406,14758,,,,,,,,,
"Fort Worth, TX",2016,405649,5494,36115,41685,15887,39413,31886,8320,30332,40691,84957,35029,22234,13606,,,,,,,,,
"Omaha, NE",2005,189185,620,12293,16419,8430,20436,11133,4190,21008,19652,41263,20142,9069,4530,,,,,,,,,
"Omaha, NE",2006,193211,587,12318,18193,6818,23652,10564,5760,18766,21129,44923,17895,8649,3957,,,,,,,,,
"Omaha, NE",2007,191033,489,13086,17081,6234,20793,10138,5732,21144,21852,41155,20579,8623,4127,,,,,,,,,
"Omaha, NE",2008,200135,636,13948,19296,6013,25364,9899,5190,17327,24175,45962,20001,7944,4380,,,,,,,,,
"Omaha, NE",2009,234324,1516,16743,20841,7187,26198,12482,4995,24052,27780,56326,20990,9639,5575,,,,,,,,,
"Omaha, NE",2010,207870,1256,12200,17295,5453,26627,8646,5136,20052,25790,50992,20819,8244,5360,,,,,,,,,
"Omaha, NE",2011,208572,1962,13363,17068,4845,23817,10165,6836,21342,23658,49671,20008,9073,6764,,,,,,,,,
"Omaha, NE",2012,209301,1375,13606,21099,4802,23680,9281,5743,18573,22010,50487,23263,9648,5734,,,,,,,,,
"Omaha, NE",2013,223481,1928,15155,20270,5744,25231,11818,5111,22416,24995,53538,23181,8983,5111,,,,,,,,,
"Omaha, NE",2014,228720,1260,17677,20794,5526,27157,9871,5245,24963,25190,51928,21827,10541,6741,,,,,,,,,
"Omaha, NE",2015,228196,2413,14549,19583,5666,25940,10625,5488,22680,29604,56119,21743,9038,4748,,,,,,,,,
"Omaha, NE",2016,227368,1264,16285,20547,5816,28503,14682,4888,20052,27913,52972,19855,9640,4951,,,,,,,,,
"Boston, MA",2005,261654,52,12613,13548,3537,21557,10636,6462,25560,41386,79291,24655,11531,10826,,,,,,,,,
"Boston, MA",2006,297781,484,13680,14457,5025,23146,10813,9651,30301,44560,86525,32422,13719,12998,,,,,,,,,
"Boston, MA",2007,314057,912,10961,13871,5902,23158,10465,9845,33634,48366,93885,33934,15609,13515,,,,,,,,,
"Boston, MA",2008,327029,118,11570,15360,4475,29549,10447,10768,32293,45740,99703,38850,14401,13755,,,,,,,,,
"Boston, MA",2009,347689,38,10228,16527,4756,30951,12588,8494,31737,51740,106262,37652,17951,18765,,,,,,,,,
"Boston, MA",2010,318250,462,10093,14936,4995,25491,9821,9742,31301,47720,94522,39392,15060,14715,,,,,,,,,
"Boston, MA",2011,316521,215,11508,12464,4741,30134,8853,7837,30931,50335,97337,33173,13768,15225,,,,,,,,,
"Boston, MA",2012,332051,622,12607,14573,4459,27779,10890,8718,31165,48751,107098,36151,14838,14400,,,,,,,,,
"Boston, MA",2013,348137,391,9031,14053,5092,28557,11165,7126,31249,59672,113645,38356,17070,12730,,,,,,,,,
"Boston, MA",2014,345285,176,12031,17445,5024,25324,10353,9188,32776,56413,107106,37282,16591,15576,,,,,,,,,
"Boston, MA",2015,366392,591,13467,16444,5717,32462,12775,9157,31783,59988,116321,38247,15192,14248,,,,,,,,,
"Boston, MA",2016,368750,399,13568,15170,7202,28828,14077,8496,34149,63924,108107,41699,18078,15053,,,,,,,,,
"San Francisco, CA",2005,391953,730,17284,21676,11088,36235,18456,19233,37196,76440,75151,44039,21787,12638,,,,,,,,,
"San Francisco, CA",2006,405303,661,15856,24320,8440,34772,15218,21200,41667,83298,76838,51453,20120,11460,,,,,,,,,
"San Francisco, CA",2007,428702,349,20241,22364,9214,37794,15759,22640,42058,86657,81359,54933,21369,13965,,,,,,,,,
"San Francisco, CA",2008,452952,451,21077,28822,8696,38579,13832,23515,43320,88245,92701,52296,24594,16824,,,,,,,,,
"San Francisco, CA",2009,446397,1448,19795,22010,9312,44317,15711,20751,44886,84814,90157,52951,23319,16926,,,,,,,,,
"San Francisco, CA",2010,446665,1130,16023,29079,10024,42315,15012,17971,38414,89930,88869,54107,25468,18323,,,,,,,,,
"San Francisco, CA",2011,450686,660,16200,26989,8446,49862,16775,19170,36213,94787,83822,58235,25360,14167,,,,,,,,,
"San Francisco, CA",2012,457285,632,14763,24733,6811,45543,15866,24667,42937,98623,85534,58740,23160,15276,,,,,,,,,
"San Francisco, CA",2013,479337,803,19827,26938,10361,48176,17285,25619,39408,106348,89988,53300,23349,17935,,,,,,,,,
"San Francisco, CA",2014,493105,1254,14867,23466,8478,47445,19722,30990,37117,112460,93032,66772,21575,15927,,,,,,,,,
"San Francisco, CA",2015,506320,1727,16573,27967,8187,50631,19160,32749,46160,115217,89027,58735,22801,17386,,,,,,,,,
"San Francisco, CA",2016,511365,1308,16668,26140,10756,44029,19492,27987,46016,125910,92455,58286,25611,16707,,,,,,,,,